CREATE DATABASE IF NOT EXISTS ccd_store;
USE ccd_store;

DROP TABLE IF EXISTS analytics_events;
DROP TABLE IF EXISTS notification_outbox;
DROP TABLE IF EXISTS reminder_preferences;
DROP TABLE IF EXISTS csr_metadata;
DROP TABLE IF EXISTS reviews;
DROP TABLE IF EXISTS order_items;
DROP TABLE IF EXISTS payments;
DROP TABLE IF EXISTS orders;
DROP TABLE IF EXISTS product_variants;
DROP TABLE IF EXISTS products;
DROP TABLE IF EXISTS customers;

CREATE TABLE customers (
  id INT AUTO_INCREMENT PRIMARY KEY,
  email VARCHAR(255) NOT NULL UNIQUE,
  password_hash VARCHAR(255) NOT NULL,
  first_name VARCHAR(100) NOT NULL,
  last_name VARCHAR(100) NOT NULL,
  phone VARCHAR(32),
  address TEXT,
  gender ENUM('male', 'female', 'other') DEFAULT 'other',
  avatar_style VARCHAR(50) DEFAULT 'default',
  profile_image LONGBLOB,
  profile_image_mime VARCHAR(100),
  theme_preference VARCHAR(50) DEFAULT 'sunrise',
  signup_date DATETIME NOT NULL,
  role ENUM('customer', 'admin') DEFAULT 'customer',
  created_at TIMESTAMP DEFAULT CURRENT_TIMESTAMP,
  updated_at TIMESTAMP DEFAULT CURRENT_TIMESTAMP ON UPDATE CURRENT_TIMESTAMP
);

CREATE TABLE products (
  id INT PRIMARY KEY,
  name VARCHAR(200) NOT NULL,
  category VARCHAR(120) NOT NULL,
  price DECIMAL(10,2) NOT NULL,
  image_url VARCHAR(255),
  created_at TIMESTAMP DEFAULT CURRENT_TIMESTAMP,
  updated_at TIMESTAMP DEFAULT CURRENT_TIMESTAMP ON UPDATE CURRENT_TIMESTAMP
);

CREATE TABLE csr_metadata (
  product_id INT PRIMARY KEY,
  carbon_footprint_kg DECIMAL(10,2),
  supplier_certifications JSON,
  last_verified DATE,
  data_source VARCHAR(255),
  data_completeness ENUM('complete', 'partial', 'missing') DEFAULT 'partial',
  created_at TIMESTAMP DEFAULT CURRENT_TIMESTAMP,
  updated_at TIMESTAMP DEFAULT CURRENT_TIMESTAMP ON UPDATE CURRENT_TIMESTAMP,
  FOREIGN KEY (product_id) REFERENCES products(id) ON DELETE CASCADE
);

CREATE TABLE product_variants (
  id INT AUTO_INCREMENT PRIMARY KEY,
  product_id INT NOT NULL,
  sku VARCHAR(64) NOT NULL UNIQUE,
  name VARCHAR(200) NOT NULL,
  price_delta DECIMAL(10,2) NOT NULL DEFAULT 0,
  in_stock BOOLEAN NOT NULL DEFAULT TRUE,
  created_at TIMESTAMP DEFAULT CURRENT_TIMESTAMP,
  updated_at TIMESTAMP DEFAULT CURRENT_TIMESTAMP ON UPDATE CURRENT_TIMESTAMP,
  FOREIGN KEY (product_id) REFERENCES products(id) ON DELETE CASCADE
);

CREATE TABLE orders (
  id INT AUTO_INCREMENT PRIMARY KEY,
  customer_id INT NOT NULL,
  order_date DATETIME NOT NULL,
  total_amount DECIMAL(10,2) NOT NULL,
  payment_status ENUM('Paid', 'Pending', 'Refunded') NOT NULL,
  created_at TIMESTAMP DEFAULT CURRENT_TIMESTAMP,
  updated_at TIMESTAMP DEFAULT CURRENT_TIMESTAMP ON UPDATE CURRENT_TIMESTAMP,
  FOREIGN KEY (customer_id) REFERENCES customers(id)
);

CREATE TABLE payments (
  id INT AUTO_INCREMENT PRIMARY KEY,
  order_id INT NOT NULL,
  payment_method VARCHAR(50) NOT NULL,
  transaction_status ENUM('Completed', 'Pending', 'Refunded') NOT NULL,
  recorded_at TIMESTAMP DEFAULT CURRENT_TIMESTAMP,
  FOREIGN KEY (order_id) REFERENCES orders(id) ON DELETE CASCADE
);

CREATE TABLE order_items (
  order_id INT NOT NULL,
  product_id INT NOT NULL,
  product_name VARCHAR(200) NOT NULL,
  category VARCHAR(120) NOT NULL,
  price DECIMAL(10,2) NOT NULL,
  quantity INT NOT NULL DEFAULT 1,
  PRIMARY KEY (order_id, product_id),
  FOREIGN KEY (order_id) REFERENCES orders(id) ON DELETE CASCADE,
  FOREIGN KEY (product_id) REFERENCES products(id)
);

CREATE TABLE reviews (
  id INT AUTO_INCREMENT PRIMARY KEY,
  product_id INT NOT NULL,
  customer_id INT,
  rating TINYINT NOT NULL,
  comment TEXT,
  created_at TIMESTAMP DEFAULT CURRENT_TIMESTAMP,
  FOREIGN KEY (product_id) REFERENCES products(id) ON DELETE CASCADE,
  FOREIGN KEY (customer_id) REFERENCES customers(id) ON DELETE SET NULL
);

CREATE TABLE reminder_preferences (
  id INT AUTO_INCREMENT PRIMARY KEY,
  customer_id INT NOT NULL,
  frequency ENUM('daily', 'weekly', 'monthly', 'quarterly') DEFAULT 'weekly',
  channel ENUM('email', 'sms', 'push') DEFAULT 'email',
  bundle_preferences JSON,
  quiet_hours VARCHAR(64),
  next_scheduled DATETIME,
  last_notified DATETIME,
  created_at TIMESTAMP DEFAULT CURRENT_TIMESTAMP,
  updated_at TIMESTAMP DEFAULT CURRENT_TIMESTAMP ON UPDATE CURRENT_TIMESTAMP,
  UNIQUE KEY uniq_preferences_customer (customer_id),
  FOREIGN KEY (customer_id) REFERENCES customers(id) ON DELETE CASCADE
);

CREATE TABLE notification_outbox (
  id INT AUTO_INCREMENT PRIMARY KEY,
  customer_id INT,
  channel ENUM('email', 'sms', 'push') NOT NULL,
  subject VARCHAR(255),
  body TEXT,
  payload JSON,
  status ENUM('pending', 'sent', 'failed') DEFAULT 'pending',
  created_at TIMESTAMP DEFAULT CURRENT_TIMESTAMP,
  updated_at TIMESTAMP DEFAULT CURRENT_TIMESTAMP ON UPDATE CURRENT_TIMESTAMP,
  processed_at DATETIME,
  FOREIGN KEY (customer_id) REFERENCES customers(id) ON DELETE SET NULL
);

CREATE TABLE analytics_events (
  id INT AUTO_INCREMENT PRIMARY KEY,
  customer_id INT,
  event_type VARCHAR(120) NOT NULL,
  source VARCHAR(120),
  payload JSON,
  created_at TIMESTAMP DEFAULT CURRENT_TIMESTAMP,
  FOREIGN KEY (customer_id) REFERENCES customers(id) ON DELETE SET NULL
);


INSERT INTO customers (id, email, password_hash, first_name, last_name, gender, role, theme_preference, signup_date) VALUES
  (1, 'admin@ecommerce.example', '$2a$10$RKVDt0ewsGQKzBSSMSmc5O1s5n2xe50Tzw9uQWGWpZJYG1ChcxrG', 'Cafe', 'Admin', 'other', 'admin', 'midnight', '2022-01-01 00:00:00')
ON DUPLICATE KEY UPDATE email=email;

INSERT INTO customers (id, email, password_hash, first_name, last_name, phone, address, gender, theme_preference, signup_date) VALUES
  (101, 'john.doe@example.com', '$2a$10$RKVDt0ewsGQKzBSSMSmc5O1s5n2xe50Tzw9uQWGWpZJYG1ChcxrG', 'John', 'Doe', '+11234567890', '123 Main St, Anytown, USA', 'male', 'sunrise', '2022-12-15 08:00:00'),
  (102, 'jane.smith@example.com', '$2a$10$RKVDt0ewsGQKzBSSMSmc5O1s5n2xe50Tzw9uQWGWpZJYG1ChcxrG', 'Jane', 'Smith', '+11234567891', '456 Oak Ave, Springfield, USA', 'female', 'lavender-dusk', '2023-01-12 10:15:00'),
  (103, 'li.chen@example.com', '$2a$10$RKVDt0ewsGQKzBSSMSmc5O1s5n2xe50Tzw9uQWGWpZJYG1ChcxrG', 'Li', 'Chen', '+11234567892', '789 Pine Rd, Seattle, USA', 'male', 'midnight', '2023-02-02 09:05:00'),
  (104, 'amelia.watson@example.com', '$2a$10$RKVDt0ewsGQKzBSSMSmc5O1s5n2xe50Tzw9uQWGWpZJYG1ChcxrG', 'Amelia', 'Watson', '+11234567893', '22 Baker St, London, UK', 'female', 'mint-contrast', '2023-02-18 13:45:00'),
  (105, 'carlos.mendez@example.com', '$2a$10$RKVDt0ewsGQKzBSSMSmc5O1s5n2xe50Tzw9uQWGWpZJYG1ChcxrG', 'Carlos', 'Mendez', '+11234567894', '890 Market St, San Francisco, USA', 'male', 'copper-sunset', '2023-03-05 12:20:00'),
  (106, 'sara.ali@example.com', '$2a$10$RKVDt0ewsGQKzBSSMSmc5O1s5n2xe50Tzw9uQWGWpZJYG1ChcxrG', 'Sara', 'Ali', '+11234567895', '15 Crescent Dr, Dubai, UAE', 'female', 'ocean-breeze', '2023-03-22 17:30:00'),
  (107, 'noah.johnson@example.com', '$2a$10$RKVDt0ewsGQKzBSSMSmc5O1s5n2xe50Tzw9uQWGWpZJYG1ChcxrG', 'Noah', 'Johnson', '+11234567896', '67 River Ln, Austin, USA', 'male', 'golden-hour', '2023-04-01 08:10:00'),
  (108, 'emily.rossi@example.com', '$2a$10$RKVDt0ewsGQKzBSSMSmc5O1s5n2xe50Tzw9uQWGWpZJYG1ChcxrG', 'Emily', 'Rossi', '+11234567897', '12 Via Roma, Milan, Italy', 'female', 'rose-quartz', '2023-05-14 19:45:00'),
  (109, 'david.nguyen@example.com', '$2a$10$RKVDt0ewsGQKzBSSMSmc5O1s5n2xe50Tzw9uQWGWpZJYG1ChcxrG', 'David', 'Nguyen', '+11234567898', '245 Bamboo St, Hanoi, Vietnam', 'male', 'forest-mist', '2023-06-02 06:50:00'),
  (110, 'olivia.patel@example.com', '$2a$10$RKVDt0ewsGQKzBSSMSmc5O1s5n2xe50Tzw9uQWGWpZJYG1ChcxrG', 'Olivia', 'Patel', '+11234567899', '500 Lotus Blvd, Mumbai, India', 'female', 'noir', '2023-06-20 15:25:00')
ON DUPLICATE KEY UPDATE email=VALUES(email), theme_preference=VALUES(theme_preference);

INSERT INTO products (id, name, category, price, image_url) VALUES
  (201, 'Laptop', 'Electronics', 1200.00, 'https://source.unsplash.com/collection/190727/201'),
  (202, 'Wireless Mouse', 'Electronics', 30.00, 'https://source.unsplash.com/collection/190727/202'),
  (203, 'Casual T-Shirt', 'Apparel', 25.00, 'https://source.unsplash.com/collection/190727/203'),
  (204, 'Noise-Cancelling Headphones', 'Electronics', 180.00, 'https://source.unsplash.com/collection/190727/204'),
  (205, 'Mechanical Keyboard', 'Electronics', 60.00, 'https://source.unsplash.com/collection/190727/205'),
  (206, 'Espresso Machine', 'Home Goods', 75.50, 'https://source.unsplash.com/collection/190727/206'),
  (207, 'Sci-Fi Novel', 'Books', 15.00, 'https://source.unsplash.com/collection/190727/207'),
  (208, 'Reading Light', 'Books', 10.00, 'https://source.unsplash.com/collection/190727/208'),
  (209, 'Smartwatch', 'Electronics', 120.00, 'https://source.unsplash.com/collection/190727/209'),
  (210, 'Running Shoes', 'Apparel', 45.00, 'https://source.unsplash.com/collection/190727/210'),
  (211, 'Blender', 'Home Goods', 80.00, 'https://source.unsplash.com/collection/190727/211'),
  (212, 'Yoga Mat', 'Sports', 25.00, 'https://source.unsplash.com/collection/190727/212'),
  (213, 'Gaming Monitor', 'Electronics', 350.00, 'https://source.unsplash.com/collection/190727/213')
ON DUPLICATE KEY UPDATE name=VALUES(name), category=VALUES(category), price=VALUES(price), image_url=VALUES(image_url);

INSERT INTO csr_metadata (product_id, carbon_footprint_kg, supplier_certifications, last_verified, data_source, data_completeness) VALUES
  (201, 62.5, JSON_ARRAY('ISO 14001', 'Fair Trade Electronics'), '2024-12-01', 'Lifecycle analysis 2024', 'complete'),
  (202, 4.2, JSON_ARRAY('RoHS', 'Energy Star'), '2024-11-15', 'Component supplier attestation', 'complete'),
  (203, 2.8, JSON_ARRAY('Organic Cotton Standard'), '2024-10-02', 'Vendor sustainability report', 'partial'),
  (204, NULL, NULL, NULL, 'Awaiting supplier disclosure', 'missing'),
  (205, 8.1, JSON_ARRAY('RoHS'), '2024-08-19', 'Factory compliance audit', 'partial'),
  (206, 12.3, JSON_ARRAY('ISO 14046 Water Footprint'), '2024-09-25', 'Appliance lifecycle review', 'complete'),
  (207, 1.1, JSON_ARRAY('FSC Paper'), '2024-07-14', 'Publisher sustainability annex', 'complete'),
  (208, NULL, JSON_ARRAY('Energy Efficient Lighting'), '2024-06-30', 'Accessory supplier note', 'partial'),
  (209, 18.6, JSON_ARRAY('Responsible Minerals Initiative'), '2024-12-11', 'Wearable supplier scorecard', 'complete'),
  (210, NULL, NULL, NULL, 'Awaiting third-party audit', 'missing'),
  (211, 27.4, JSON_ARRAY('BPA Free'), '2024-07-22', 'Appliance factory statement', 'partial'),
  (212, 3.6, JSON_ARRAY('Global Recycled Standard'), '2024-11-03', 'Material certificate upload', 'complete')
ON DUPLICATE KEY UPDATE
  carbon_footprint_kg = VALUES(carbon_footprint_kg),
  supplier_certifications = VALUES(supplier_certifications),
  last_verified = VALUES(last_verified),
  data_source = VALUES(data_source),
  data_completeness = VALUES(data_completeness);

INSERT INTO orders (id, customer_id, order_date, total_amount, payment_status) VALUES
  (1, 101, '2025-03-01 10:00:00', 150.00, 'Paid'),
  (2, 102, '2025-03-01 11:30:00', 50.00, 'Pending'),
  (3, 103, '2025-03-02 12:45:00', 200.00, 'Paid'),
  (4, 104, '2025-03-02 14:00:00', 75.50, 'Paid'),
  (5, 105, '2025-03-03 09:15:00', 30.00, 'Refunded'),
  (6, 106, '2025-03-03 16:30:00', 120.00, 'Paid'),
  (7, 107, '2025-03-04 08:45:00', 45.00, 'Pending'),
  (8, 108, '2025-03-04 13:00:00', 80.00, 'Paid'),
  (9, 109, '2025-03-05 10:10:00', 25.00, 'Paid'),
  (10, 110, '2025-03-05 15:20:00', 350.00, 'Paid'),
  (11, 101, '2025-03-06 09:00:00', 18.00, 'Paid'),
  (12, 102, '2025-03-06 14:00:00', 15.00, 'Pending'),
  (13, 103, '2025-03-07 11:00:00', 45.00, 'Paid'),
  (14, 104, '2025-03-07 16:00:00', 60.00, 'Paid'),
  (15, 105, '2025-03-08 08:30:00', 120.00, 'Refunded'),
  (16, 106, '2025-03-08 13:40:00', 80.00, 'Paid'),
  (17, 107, '2025-03-09 10:50:00', 25.00, 'Paid'),
  (18, 108, '2025-03-09 15:10:00', 180.00, 'Paid'),
  (19, 109, '2025-03-10 09:20:00', 30.00, 'Pending'),
  (20, 110, '2025-03-10 14:30:00', 1200.00, 'Paid'),
  (21, 101, '2025-03-11 11:40:00', 75.50, 'Paid'),
  (22, 102, '2025-03-11 16:50:00', 10.00, 'Paid'),
  (23, 103, '2025-03-12 09:00:00', 350.00, 'Pending'),
  (24, 104, '2025-03-12 13:10:00', 25.00, 'Paid'),
  (25, 105, '2025-03-13 10:20:00', 45.00, 'Refunded'),
  (26, 106, '2025-03-13 15:30:00', 60.00, 'Paid'),
  (27, 107, '2025-03-14 09:40:00', 120.00, 'Paid'),
  (28, 108, '2025-03-14 14:50:00', 80.00, 'Paid'),
  (29, 109, '2025-03-15 11:00:00', 180.00, 'Pending'),
  (30, 110, '2025-03-15 16:10:00', 30.00, 'Paid'),
  (31, 101, '2025-03-16 09:20:00', 1200.00, 'Paid'),
  (32, 102, '2025-03-16 14:30:00', 75.50, 'Paid'),
  (33, 103, '2025-03-17 11:40:00', 10.00, 'Pending'),
  (34, 104, '2025-03-17 16:50:00', 350.00, 'Paid'),
  (35, 105, '2025-03-18 09:00:00', 25.00, 'Refunded'),
  (36, 106, '2025-03-18 13:10:00', 45.00, 'Paid'),
  (37, 107, '2025-03-19 10:20:00', 60.00, 'Paid'),
  (38, 108, '2025-03-19 15:30:00', 120.00, 'Paid'),
  (39, 109, '2025-03-20 09:40:00', 80.00, 'Pending'),
  (40, 110, '2025-03-20 14:50:00', 180.00, 'Paid'),
  (41, 101, '2025-03-21 11:00:00', 30.00, 'Paid'),
  (42, 102, '2025-03-21 16:10:00', 1200.00, 'Paid'),
  (43, 103, '2025-03-22 09:20:00', 75.50, 'Pending'),
  (44, 104, '2025-03-22 14:30:00', 10.00, 'Paid'),
  (45, 105, '2025-03-23 11:40:00', 350.00, 'Refunded'),
  (46, 106, '2025-03-23 16:50:00', 25.00, 'Paid'),
  (47, 107, '2025-03-24 09:00:00', 45.00, 'Paid'),
  (48, 108, '2025-03-24 13:10:00', 60.00, 'Paid'),
  (49, 109, '2025-03-25 10:20:00', 120.00, 'Pending'),
  (50, 110, '2025-03-25 15:30:00', 80.00, 'Paid'),
  (51, 101, '2025-03-26 09:40:00', 180.00, 'Paid'),
  (52, 102, '2025-03-26 14:50:00', 30.00, 'Paid'),
  (53, 103, '2025-03-27 11:00:00', 1200.00, 'Pending'),
  (54, 104, '2025-03-27 16:10:00', 75.50, 'Paid'),
  (55, 105, '2025-03-28 09:20:00', 10.00, 'Refunded'),
  (56, 106, '2025-03-28 14:30:00', 350.00, 'Paid'),
  (57, 107, '2025-03-29 11:40:00', 25.00, 'Paid'),
  (58, 108, '2025-03-29 16:50:00', 45.00, 'Paid'),
  (59, 109, '2025-03-30 09:00:00', 60.00, 'Pending'),
  (60, 110, '2025-03-30 13:10:00', 120.00, 'Paid'),
  (61, 101, '2025-03-31 10:20:00', 80.00, 'Paid'),
  (62, 102, '2025-03-31 15:30:00', 180.00, 'Paid'),
  (63, 103, '2025-04-01 09:40:00', 30.00, 'Pending'),
  (64, 104, '2025-04-01 14:50:00', 1200.00, 'Paid'),
  (65, 105, '2025-04-02 11:00:00', 75.50, 'Refunded'),
  (66, 106, '2025-04-02 16:10:00', 10.00, 'Paid'),
  (67, 107, '2025-04-03 09:20:00', 350.00, 'Paid'),
  (68, 108, '2025-04-03 14:30:00', 25.00, 'Paid'),
  (69, 109, '2025-04-04 11:40:00', 45.00, 'Pending'),
  (70, 110, '2025-04-04 16:50:00', 60.00, 'Paid'),
  (71, 101, '2025-04-05 09:00:00', 120.00, 'Paid'),
  (72, 102, '2025-04-05 13:10:00', 80.00, 'Paid'),
  (73, 103, '2025-04-06 10:20:00', 180.00, 'Pending'),
  (74, 104, '2025-04-06 15:30:00', 30.00, 'Paid'),
  (75, 105, '2025-04-07 09:40:00', 1200.00, 'Refunded'),
  (76, 106, '2025-04-07 14:50:00', 75.50, 'Paid'),
  (77, 107, '2025-04-08 11:00:00', 10.00, 'Paid'),
  (78, 108, '2025-04-08 16:10:00', 350.00, 'Pending'),
  (79, 109, '2025-04-09 09:20:00', 25.00, 'Paid'),
  (80, 110, '2025-04-09 14:30:00', 45.00, 'Paid'),
  (81, 101, '2025-04-10 11:40:00', 60.00, 'Paid'),
  (82, 102, '2025-04-10 16:50:00', 120.00, 'Paid'),
  (83, 103, '2025-04-11 09:00:00', 80.00, 'Pending'),
  (84, 104, '2025-04-11 13:10:00', 180.00, 'Paid'),
  (85, 105, '2025-04-12 10:20:00', 30.00, 'Refunded'),
  (86, 106, '2025-04-12 15:30:00', 1200.00, 'Paid'),
  (87, 107, '2025-04-13 09:40:00', 75.50, 'Paid'),
  (88, 108, '2025-04-13 14:50:00', 10.00, 'Pending'),
  (89, 109, '2025-04-14 11:00:00', 350.00, 'Paid'),
  (90, 110, '2025-04-14 16:10:00', 25.00, 'Paid'),
  (91, 101, '2025-04-15 09:20:00', 45.00, 'Paid'),
  (92, 102, '2025-04-15 14:30:00', 60.00, 'Paid'),
  (93, 103, '2025-04-16 11:40:00', 120.00, 'Pending'),
  (94, 104, '2025-04-16 16:50:00', 80.00, 'Paid'),
  (95, 105, '2025-04-17 09:00:00', 180.00, 'Refunded'),
  (96, 106, '2025-04-17 13:10:00', 30.00, 'Paid'),
  (97, 107, '2025-04-18 10:20:00', 1200.00, 'Paid'),
  (98, 108, '2025-04-18 15:30:00', 75.50, 'Pending'),
  (99, 109, '2025-04-19 09:40:00', 10.00, 'Paid'),
  (100, 110, '2025-04-19 14:50:00', 350.00, 'Paid'),
  (101, 101, '2025-04-20 11:00:00', 25.00, 'Paid'),
  (102, 102, '2025-04-20 16:10:00', 45.00, 'Pending'),
  (103, 103, '2025-04-21 09:20:00', 60.00, 'Paid'),
  (104, 104, '2025-04-21 14:30:00', 120.00, 'Paid'),
  (105, 105, '2025-04-22 11:40:00', 80.00, 'Refunded'),
  (106, 106, '2025-04-22 16:50:00', 180.00, 'Paid'),
  (107, 107, '2025-04-23 09:00:00', 30.00, 'Paid'),
  (108, 108, '2025-04-23 13:10:00', 1200.00, 'Pending'),
  (109, 109, '2025-04-24 10:20:00', 75.50, 'Paid'),
  (110, 110, '2025-04-24 15:30:00', 10.00, 'Paid'),
  (111, 101, '2025-04-25 09:40:00', 350.00, 'Paid'),
  (112, 102, '2025-04-25 14:50:00', 25.00, 'Pending'),
  (113, 103, '2025-04-26 11:00:00', 45.00, 'Paid'),
  (114, 104, '2025-04-26 16:10:00', 60.00, 'Paid'),
  (115, 105, '2025-04-27 09:20:00', 120.00, 'Refunded'),
  (116, 106, '2025-04-27 14:30:00', 80.00, 'Paid'),
  (117, 107, '2025-04-28 11:40:00', 180.00, 'Paid'),
  (118, 108, '2025-04-28 16:50:00', 30.00, 'Pending'),
  (119, 109, '2025-04-29 09:00:00', 1200.00, 'Paid'),
  (120, 110, '2025-04-29 13:10:00', 75.50, 'Paid'),
  (121, 101, '2025-04-30 10:20:00', 10.00, 'Paid'),
  (122, 102, '2025-04-30 15:30:00', 350.00, 'Pending'),
  (123, 103, '2025-05-01 09:40:00', 25.00, 'Paid')
ON DUPLICATE KEY UPDATE total_amount=VALUES(total_amount), payment_status=VALUES(payment_status);

INSERT INTO payments (id, order_id, payment_method, transaction_status) VALUES
  (301, 1, 'Credit Card', 'Completed'),
  (302, 2, 'PayPal', 'Pending'),
  (303, 3, 'Bank Transfer', 'Completed'),
  (304, 4, 'Credit Card', 'Completed'),
  (305, 5, 'PayPal', 'Refunded'),
  (306, 6, 'Credit Card', 'Completed'),
  (307, 7, 'Bank Transfer', 'Pending'),
  (308, 8, 'Credit Card', 'Completed'),
  (309, 9, 'PayPal', 'Completed'),
  (310, 10, 'Credit Card', 'Completed'),
  (311, 11, 'PayPal', 'Completed'),
  (312, 12, 'Credit Card', 'Pending'),
  (313, 13, 'Bank Transfer', 'Completed'),
  (314, 14, 'Credit Card', 'Completed'),
  (315, 15, 'PayPal', 'Refunded'),
  (316, 16, 'Credit Card', 'Completed'),
  (317, 17, 'PayPal', 'Completed'),
  (318, 18, 'Bank Transfer', 'Completed'),
  (319, 19, 'Credit Card', 'Pending'),
  (320, 20, 'PayPal', 'Completed'),
  (321, 21, 'Bank Transfer', 'Completed'),
  (322, 22, 'Credit Card', 'Completed'),
  (323, 23, 'PayPal', 'Pending'),
  (324, 24, 'Credit Card', 'Completed'),
  (325, 25, 'Bank Transfer', 'Refunded'),
  (326, 26, 'Credit Card', 'Completed'),
  (327, 27, 'PayPal', 'Completed'),
  (328, 28, 'Bank Transfer', 'Completed'),
  (329, 29, 'Credit Card', 'Pending'),
  (330, 30, 'PayPal', 'Completed'),
  (331, 31, 'Bank Transfer', 'Completed'),
  (332, 32, 'Credit Card', 'Completed'),
  (333, 33, 'PayPal', 'Pending'),
  (334, 34, 'Credit Card', 'Completed'),
  (335, 35, 'Bank Transfer', 'Refunded'),
  (336, 36, 'Credit Card', 'Completed'),
  (337, 37, 'PayPal', 'Completed'),
  (338, 38, 'Bank Transfer', 'Completed'),
  (339, 39, 'Credit Card', 'Pending'),
  (340, 40, 'PayPal', 'Completed'),
  (341, 41, 'Bank Transfer', 'Completed'),
  (342, 42, 'Credit Card', 'Completed'),
  (343, 43, 'PayPal', 'Pending'),
  (344, 44, 'Credit Card', 'Completed'),
  (345, 45, 'Bank Transfer', 'Refunded'),
  (346, 46, 'Credit Card', 'Completed'),
  (347, 47, 'PayPal', 'Completed'),
  (348, 48, 'Bank Transfer', 'Completed'),
  (349, 49, 'Credit Card', 'Pending'),
  (350, 50, 'PayPal', 'Completed'),
  (351, 51, 'Bank Transfer', 'Completed'),
  (352, 52, 'Credit Card', 'Completed'),
  (353, 53, 'PayPal', 'Pending'),
  (354, 54, 'Credit Card', 'Completed'),
  (355, 55, 'Bank Transfer', 'Refunded'),
  (356, 56, 'Credit Card', 'Completed'),
  (357, 57, 'PayPal', 'Completed'),
  (358, 58, 'Bank Transfer', 'Completed'),
  (359, 59, 'Credit Card', 'Pending'),
  (360, 60, 'PayPal', 'Completed'),
  (361, 61, 'Bank Transfer', 'Completed'),
  (362, 62, 'Credit Card', 'Completed'),
  (363, 63, 'PayPal', 'Pending'),
  (364, 64, 'Credit Card', 'Completed'),
  (365, 65, 'Bank Transfer', 'Refunded'),
  (366, 66, 'Credit Card', 'Completed'),
  (367, 67, 'PayPal', 'Completed'),
  (368, 68, 'Bank Transfer', 'Completed'),
  (369, 69, 'Credit Card', 'Pending'),
  (370, 70, 'PayPal', 'Completed'),
  (371, 71, 'Bank Transfer', 'Completed'),
  (372, 72, 'Credit Card', 'Completed'),
  (373, 73, 'PayPal', 'Pending'),
  (374, 74, 'Credit Card', 'Completed'),
  (375, 75, 'Bank Transfer', 'Refunded'),
  (376, 76, 'Credit Card', 'Completed'),
  (377, 77, 'PayPal', 'Completed'),
  (378, 78, 'Bank Transfer', 'Pending'),
  (379, 79, 'Credit Card', 'Completed'),
  (380, 80, 'PayPal', 'Completed'),
  (381, 81, 'Bank Transfer', 'Completed'),
  (382, 82, 'Credit Card', 'Completed'),
  (383, 83, 'PayPal', 'Pending'),
  (384, 84, 'Credit Card', 'Completed'),
  (385, 85, 'Bank Transfer', 'Refunded'),
  (386, 86, 'Credit Card', 'Completed'),
  (387, 87, 'PayPal', 'Completed'),
  (388, 88, 'Bank Transfer', 'Pending'),
  (389, 89, 'Credit Card', 'Completed'),
  (390, 90, 'PayPal', 'Completed'),
  (391, 91, 'Bank Transfer', 'Completed'),
  (392, 92, 'Credit Card', 'Completed'),
  (393, 93, 'PayPal', 'Pending'),
  (394, 94, 'Credit Card', 'Completed'),
  (395, 95, 'Bank Transfer', 'Refunded'),
  (396, 96, 'Credit Card', 'Completed'),
  (397, 97, 'PayPal', 'Completed'),
  (398, 98, 'Bank Transfer', 'Pending'),
  (399, 99, 'Credit Card', 'Completed'),
  (400, 100, 'PayPal', 'Completed'),
  (401, 101, 'Bank Transfer', 'Completed'),
  (402, 102, 'Credit Card', 'Pending'),
  (403, 103, 'PayPal', 'Completed'),
  (404, 104, 'Credit Card', 'Completed'),
  (405, 105, 'Bank Transfer', 'Refunded'),
  (406, 106, 'Credit Card', 'Completed'),
  (407, 107, 'PayPal', 'Completed'),
  (408, 108, 'Bank Transfer', 'Pending'),
  (409, 109, 'Credit Card', 'Completed'),
  (410, 110, 'PayPal', 'Completed'),
  (411, 111, 'Bank Transfer', 'Completed'),
  (412, 112, 'Credit Card', 'Pending'),
  (413, 113, 'PayPal', 'Completed'),
  (414, 114, 'Bank Transfer', 'Completed'),
  (415, 115, 'Credit Card', 'Refunded'),
  (416, 116, 'PayPal', 'Completed'),
  (417, 117, 'Bank Transfer', 'Completed'),
  (418, 118, 'Credit Card', 'Pending'),
  (419, 119, 'PayPal', 'Completed'),
  (420, 120, 'Bank Transfer', 'Completed'),
  (421, 121, 'Credit Card', 'Completed'),
  (422, 122, 'PayPal', 'Pending'),
  (423, 123, 'Bank Transfer', 'Completed')
ON DUPLICATE KEY UPDATE payment_method=VALUES(payment_method), transaction_status=VALUES(transaction_status);

INSERT INTO order_items (order_id, product_id, product_name, category, price, quantity) VALUES
  (1, 201, 'Laptop', 'Electronics', 1200.00, 1),
  (1, 202, 'Wireless Mouse', 'Electronics', 30.00, 1),
  (2, 203, 'Casual T-Shirt', 'Apparel', 25.00, 1),
  (3, 204, 'Noise-Cancelling Headphones', 'Electronics', 180.00, 1),
  (3, 205, 'Mechanical Keyboard', 'Electronics', 60.00, 1),
  (4, 206, 'Espresso Machine', 'Home Goods', 75.50, 1),
  (5, 207, 'Sci-Fi Novel', 'Books', 15.00, 1),
  (5, 208, 'Reading Light', 'Books', 10.00, 1),
  (6, 209, 'Smartwatch', 'Electronics', 120.00, 1),
  (7, 210, 'Running Shoes', 'Apparel', 45.00, 1),
  (8, 211, 'Blender', 'Home Goods', 80.00, 1),
  (9, 212, 'Yoga Mat', 'Sports', 25.00, 1),
  (10, 213, 'Gaming Monitor', 'Electronics', 350.00, 1),
  (11, 203, 'Casual T-Shirt', 'Apparel', 25.00, 1),
  (12, 207, 'Sci-Fi Novel', 'Books', 15.00, 1),
  (13, 210, 'Running Shoes', 'Apparel', 45.00, 1),
  (14, 205, 'Mechanical Keyboard', 'Electronics', 60.00, 1),
  (15, 209, 'Smartwatch', 'Electronics', 120.00, 1),
  (16, 211, 'Blender', 'Home Goods', 80.00, 1),
  (17, 212, 'Yoga Mat', 'Sports', 25.00, 1),
  (18, 204, 'Noise-Cancelling Headphones', 'Electronics', 180.00, 1),
  (19, 202, 'Wireless Mouse', 'Electronics', 30.00, 1),
  (20, 201, 'Laptop', 'Electronics', 1200.00, 1),
  (21, 206, 'Espresso Machine', 'Home Goods', 75.50, 1),
  (22, 208, 'Reading Light', 'Books', 10.00, 1),
  (23, 213, 'Gaming Monitor', 'Electronics', 350.00, 1),
  (24, 203, 'Casual T-Shirt', 'Apparel', 25.00, 1),
  (25, 210, 'Running Shoes', 'Apparel', 45.00, 1),
  (26, 205, 'Mechanical Keyboard', 'Electronics', 60.00, 1),
  (27, 209, 'Smartwatch', 'Electronics', 120.00, 1),
  (28, 211, 'Blender', 'Home Goods', 80.00, 1),
  (29, 204, 'Noise-Cancelling Headphones', 'Electronics', 180.00, 1),
  (30, 202, 'Wireless Mouse', 'Electronics', 30.00, 1),
  (31, 201, 'Laptop', 'Electronics', 1200.00, 1),
  (32, 206, 'Espresso Machine', 'Home Goods', 75.50, 1),
  (33, 208, 'Reading Light', 'Books', 10.00, 1),
  (34, 213, 'Gaming Monitor', 'Electronics', 350.00, 1),
  (35, 203, 'Casual T-Shirt', 'Apparel', 25.00, 1),
  (36, 210, 'Running Shoes', 'Apparel', 45.00, 1),
  (37, 205, 'Mechanical Keyboard', 'Electronics', 60.00, 1),
  (38, 209, 'Smartwatch', 'Electronics', 120.00, 1),
  (39, 211, 'Blender', 'Home Goods', 80.00, 1),
  (40, 204, 'Noise-Cancelling Headphones', 'Electronics', 180.00, 1),
  (41, 202, 'Wireless Mouse', 'Electronics', 30.00, 1),
  (42, 201, 'Laptop', 'Electronics', 1200.00, 1),
  (43, 206, 'Espresso Machine', 'Home Goods', 75.50, 1),
  (44, 208, 'Reading Light', 'Books', 10.00, 1),
  (45, 213, 'Gaming Monitor', 'Electronics', 350.00, 1),
  (46, 203, 'Casual T-Shirt', 'Apparel', 25.00, 1),
  (47, 210, 'Running Shoes', 'Apparel', 45.00, 1),
  (48, 205, 'Mechanical Keyboard', 'Electronics', 60.00, 1),
  (49, 209, 'Smartwatch', 'Electronics', 120.00, 1),
  (50, 211, 'Blender', 'Home Goods', 80.00, 1),
  (51, 204, 'Noise-Cancelling Headphones', 'Electronics', 180.00, 1),
  (52, 202, 'Wireless Mouse', 'Electronics', 30.00, 1),
  (53, 201, 'Laptop', 'Electronics', 1200.00, 1),
  (54, 206, 'Espresso Machine', 'Home Goods', 75.50, 1),
  (55, 208, 'Reading Light', 'Books', 10.00, 1),
  (56, 213, 'Gaming Monitor', 'Electronics', 350.00, 1),
  (57, 203, 'Casual T-Shirt', 'Apparel', 25.00, 1),
  (58, 210, 'Running Shoes', 'Apparel', 45.00, 1),
  (59, 205, 'Mechanical Keyboard', 'Electronics', 60.00, 1),
  (60, 209, 'Smartwatch', 'Electronics', 120.00, 1),
  (61, 211, 'Blender', 'Home Goods', 80.00, 1),
  (62, 204, 'Noise-Cancelling Headphones', 'Electronics', 180.00, 1),
  (63, 202, 'Wireless Mouse', 'Electronics', 30.00, 1),
  (64, 201, 'Laptop', 'Electronics', 1200.00, 1),
  (65, 206, 'Espresso Machine', 'Home Goods', 75.50, 1),
  (66, 208, 'Reading Light', 'Books', 10.00, 1),
  (67, 213, 'Gaming Monitor', 'Electronics', 350.00, 1),
  (68, 203, 'Casual T-Shirt', 'Apparel', 25.00, 1),
  (69, 210, 'Running Shoes', 'Apparel', 45.00, 1),
  (70, 205, 'Mechanical Keyboard', 'Electronics', 60.00, 1),
  (71, 209, 'Smartwatch', 'Electronics', 120.00, 1),
  (72, 211, 'Blender', 'Home Goods', 80.00, 1),
  (73, 204, 'Noise-Cancelling Headphones', 'Electronics', 180.00, 1),
  (74, 202, 'Wireless Mouse', 'Electronics', 30.00, 1),
  (75, 201, 'Laptop', 'Electronics', 1200.00, 1),
  (76, 206, 'Espresso Machine', 'Home Goods', 75.50, 1),
  (77, 208, 'Reading Light', 'Books', 10.00, 1),
  (78, 213, 'Gaming Monitor', 'Electronics', 350.00, 1),
  (79, 203, 'Casual T-Shirt', 'Apparel', 25.00, 1),
  (80, 210, 'Running Shoes', 'Apparel', 45.00, 1),
  (81, 205, 'Mechanical Keyboard', 'Electronics', 60.00, 1),
  (82, 209, 'Smartwatch', 'Electronics', 120.00, 1),
  (83, 211, 'Blender', 'Home Goods', 80.00, 1),
  (84, 204, 'Noise-Cancelling Headphones', 'Electronics', 180.00, 1),
  (85, 202, 'Wireless Mouse', 'Electronics', 30.00, 1),
  (86, 201, 'Laptop', 'Electronics', 1200.00, 1),
  (87, 206, 'Espresso Machine', 'Home Goods', 75.50, 1),
  (88, 208, 'Reading Light', 'Books', 10.00, 1),
  (89, 213, 'Gaming Monitor', 'Electronics', 350.00, 1),
  (90, 203, 'Casual T-Shirt', 'Apparel', 25.00, 1),
  (91, 210, 'Running Shoes', 'Apparel', 45.00, 1),
  (92, 205, 'Mechanical Keyboard', 'Electronics', 60.00, 1),
  (93, 209, 'Smartwatch', 'Electronics', 120.00, 1),
  (94, 211, 'Blender', 'Home Goods', 80.00, 1),
  (95, 204, 'Noise-Cancelling Headphones', 'Electronics', 180.00, 1),
  (96, 202, 'Wireless Mouse', 'Electronics', 30.00, 1),
  (97, 201, 'Laptop', 'Electronics', 1200.00, 1),
  (98, 206, 'Espresso Machine', 'Home Goods', 75.50, 1),
  (99, 208, 'Reading Light', 'Books', 10.00, 1),
  (100, 213, 'Gaming Monitor', 'Electronics', 350.00, 1),
  (101, 203, 'Casual T-Shirt', 'Apparel', 25.00, 1),
  (102, 210, 'Running Shoes', 'Apparel', 45.00, 1),
  (103, 205, 'Mechanical Keyboard', 'Electronics', 60.00, 1),
  (104, 209, 'Smartwatch', 'Electronics', 120.00, 1),
  (105, 211, 'Blender', 'Home Goods', 80.00, 1),
  (106, 204, 'Noise-Cancelling Headphones', 'Electronics', 180.00, 1),
  (107, 202, 'Wireless Mouse', 'Electronics', 30.00, 1),
  (108, 201, 'Laptop', 'Electronics', 1200.00, 1),
  (109, 206, 'Espresso Machine', 'Home Goods', 75.50, 1),
  (110, 208, 'Reading Light', 'Books', 10.00, 1),
  (111, 213, 'Gaming Monitor', 'Electronics', 350.00, 1),
  (112, 203, 'Casual T-Shirt', 'Apparel', 25.00, 1),
  (113, 210, 'Running Shoes', 'Apparel', 45.00, 1),
  (114, 205, 'Mechanical Keyboard', 'Electronics', 60.00, 1),
  (115, 209, 'Smartwatch', 'Electronics', 120.00, 1),
  (116, 211, 'Blender', 'Home Goods', 80.00, 1),
  (117, 204, 'Noise-Cancelling Headphones', 'Electronics', 180.00, 1),
  (118, 202, 'Wireless Mouse', 'Electronics', 30.00, 1),
  (119, 201, 'Laptop', 'Electronics', 1200.00, 1),
  (120, 206, 'Espresso Machine', 'Home Goods', 75.50, 1),
  (121, 208, 'Reading Light', 'Books', 10.00, 1),
  (122, 213, 'Gaming Monitor', 'Electronics', 350.00, 1),
  (123, 203, 'Casual T-Shirt', 'Apparel', 25.00, 1)
ON DUPLICATE KEY UPDATE price=VALUES(price);

INSERT INTO reviews (product_id, customer_id, rating, comment) VALUES
  (201, 101, 5, 'Love the performance and design of this laptop!'),
  (202, 102, 4, 'Great wireless mouse for everyday productivity.'),
  (209, 105, 5, 'Smartwatch keeps me on top of my fitness goals.'),
  (213, 108, 5, 'Gaming monitor has incredible refresh rate.'),
  (206, 110, 4, 'Espresso machine makes mornings better!')
ON DUPLICATE KEY UPDATE comment=VALUES(comment);
